1;Schools Rules;1:32
2;Too Young;3:18
3;Honeymoon;5:01
4;If I ever feel better;4:27
5;Party Time;2:14
6;Adore You;4:39
7;We Can't Stop;3:51
8;SMS;2:49
9;4x4;3:12
10;My Darlin';4:03
11;Intrology;1:59
12;Think About it;3:38
13;Crazy;4:27
14;Vato;4:45
15;I wanna Love You;2:59
16;Don't Stop;3:23
17;Who Made Who;3:27
18;You Shook Me All Night Long;3:31
19;D.T.;2:54
20;Sink the Pink;4:13
21;Ride On;5:50
22;Hells Bells;5:13
23;Fly on the Wall;3:44
24;Shake Your Foundations;4:11
25;First Blood;3:46
26;Danger;4:22
27;Sink the Pink;4:15
28;Playing with Girls;3:45
29;Good Morning;1:44
30;Hello;4:45
31;This Is Love;4:39
32;Scream & Shout;4:43
33;Feelin' Myself;4:14
34;Gettin' Dumb;5:14
35;Pump It;3:33
36;Don't Phunk With My Heart;4:00
37;My Style;4:28
38;Don't Lie;3:39
39;My Humps;5:27
40;Like That;4:35
41;Dum Diddy;4:19
42;Fergalicious;4:52
43;Clumsy;4:00
44;All That I Got;4:06
45;London Bridge;4:01
46;Pedestal;3:23
47;Voodoo Doll;4:23
